country_id,id,city
7fa04fd4-b98f-427d-823d-dce067779f41,c00fd307-5843-4502-a284-2758d957265f,East Joseph
de79edc6-bacc-40b9-a8cf-66383fc772b5,59e17a90-b5f5-4122-acd6-15bf4f477b82,Edwardsland
fb8169d1-8dc7-4b41-8ae2-2a70a6f9e3a1,bbccc379-3014-404e-a097-2cd85546b9be,Michaelburgh
c2e8bd03-fc15-4006-bb42-effdcf169b58,bba1122b-b6d6-48ab-8466-1edb21d58706,Wolfechester
e64595fa-3125-4f6d-a3f2-a78650f9ce07,838d68f7-e87f-41a3-bdd9-039331a12fd9,Adamston
50483768-fd16-49f1-8c3f-4c2a1ffea9e3,afb46b64-b232-42c4-add2-03d2abf9a558,Hufftown
554702e4-dbe7-40a2-9e3f-d44859f1179b,97a1b266-52ff-4a94-87d4-2e34b8ccae86,Lewisburgh
50483768-fd16-49f1-8c3f-4c2a1ffea9e3,839d21a0-9fbd-46da-92e4-7a0d5970492a,Espinozatown
5e34712f-0c44-4f33-b792-b4fda29db0ce,6744be59-3944-4f69-a919-5cc5dd212064,West Karen
7590075a-843e-4a15-b49b-b6f418481045,5357a7b2-34a2-4202-8a84-7ee2f03c0396,Hilltown
32b2f0f4-2961-4c84-a93a-df1c649c3dae,b53dc4bf-b78b-42c8-9804-0fbab47c5938,Amyborough
384aa05b-1e3f-4e4b-8fc3-b398daad3a72,6a495e50-7deb-47dd-9e2f-632544db6817,North Hunter
5bf93707-2c84-4694-af4d-154a4e0dab7c,e6b70cbd-0912-48e3-8b41-7d7ed5aae801,East Christian
4b9b345c-16b1-4338-ac83-56fe5b30ebe4,fac5cc5f-cc53-4855-89cc-7b7913a96743,Port Donnamouth
7c9e72c0-eabe-4650-97ba-70bf62e47936,baced16e-89cf-44b0-93c5-325480c23505,Port Toddland
9c5b0b22-697c-488c-bf87-19d051b45dd2,67734284-e72f-41e8-93ce-5d37b5222cd8,South Donald
e64595fa-3125-4f6d-a3f2-a78650f9ce07,52d6a781-8c4c-4bc6-b7e8-02ad7ad2819c,Danielbury
2614a64c-7bf2-4722-b63b-01aec85a45aa,4334e777-6f56-4785-9244-b58d59b16357,Hullfurt
be6bf730-740d-4681-8d20-7e13b7e46843,54079c4d-c742-4538-a92f-b71458978bbb,New Karl
1f2d17bb-17fb-400a-87ae-7b5daae02ec1,ee508479-c0be-43d0-b650-8c614701b6cc,Suzanneshire
384aa05b-1e3f-4e4b-8fc3-b398daad3a72,ca4664be-81db-41fb-92f2-ee133b171864,North Robert
10479cb8-3e5b-4968-a0d1-128d5413caaa,e8407724-b90c-4db6-9399-cdb33d3c09b5,Port Michaelton
7a6becb2-b152-4d48-ad1d-aaf429c5aeae,136660b9-3290-4df8-af3f-e911cd87003d,Lake Fernandoborough
10479cb8-3e5b-4968-a0d1-128d5413caaa,528da646-64a9-4743-98bf-0a3df2ba3a83,East Wesley
ee25f722-1097-445b-bb56-789e960c1c5c,ba3e8bbc-f781-4409-97a8-ef0d7f7958ae,Destinyfort
7b184197-40fc-44f3-8260-40b42054d141,69aac3df-7ec9-4899-88cf-a07256e58eba,Reedborough
5c09910e-6e9e-4d83-ba90-b43b7c274c00,71c105d3-57c4-4366-8729-86fbf9348a42,Gutierrezchester
2614a64c-7bf2-4722-b63b-01aec85a45aa,41ab52eb-d580-412a-8b20-cdf1a5016a65,West Lisa
de79edc6-bacc-40b9-a8cf-66383fc772b5,49017db5-633c-4c63-9e18-cc64e1e0f8be,Villarrealstad
ee25f722-1097-445b-bb56-789e960c1c5c,efa0b82a-aa9e-4a58-a0d6-f461bc62f886,Jenningsfurt
7b184197-40fc-44f3-8260-40b42054d141,5512cb3a-9e88-44fc-8fbb-563e09cc856a,Annetteburgh
5cbc74a0-b217-4d45-95cd-f6765807b5c3,f2174258-2e7e-451d-bba7-6adb87817b2e,Martinton
de79edc6-bacc-40b9-a8cf-66383fc772b5,bf225e04-133c-489c-a118-7e39db043e8d,Smithborough
0943269f-5088-41ac-9c3e-c104ce3bd83a,f9b6c5b8-0ba8-4697-a69f-a04e194f0ea0,Port Stefanieport
3ec291f3-cbe8-48d7-8629-91e6ac4b6096,9113d909-bb9a-41ff-8f8b-a9cb1985c637,West Pamelaburgh
3ec291f3-cbe8-48d7-8629-91e6ac4b6096,fb3dc8c1-a6cb-44fe-adb5-c2ad8979d940,Port Donald
58259a19-e097-4cb3-b16b-d9b03bb706d6,07381309-51ca-41c6-bb5d-012700f72f45,North Karen
53cee6fa-55d5-4f23-a63f-97af1cb4a1e5,a27b831c-776e-4c9f-9cc5-23f08f8d3d5a,East Patrickchester
d05be08f-358f-4e3e-b45d-bbe5882e88fb,7939c9cc-2a1e-4da0-8677-6e49a5a9c7c4,Muellerstad
6027c93a-9058-425c-a8ad-833f42860c2f,365583d4-11c9-42f4-a4e6-02d08bf682fe,West Michael
886e1d60-1a3e-48dc-ae48-221164c6987c,ec3bd593-2972-47f0-a550-4d1e75703a52,Port Jaimeview
fb8169d1-8dc7-4b41-8ae2-2a70a6f9e3a1,c0b5b0aa-7e12-4482-86d6-73af99ee7a7c,West Edward
6027c93a-9058-425c-a8ad-833f42860c2f,1f63bb69-3d27-4d7f-acdd-fe49660d08b2,Hendricksland
554702e4-dbe7-40a2-9e3f-d44859f1179b,62e6c74a-6f38-4b97-974c-52c62920495e,Perkinsmouth
58259a19-e097-4cb3-b16b-d9b03bb706d6,f0518850-dcf6-4b19-abf3-a8bbe85ef0ab,Lake Dustinside
53cee6fa-55d5-4f23-a63f-97af1cb4a1e5,d7e31f3b-c3f0-4451-9947-0404bfa92faf,Avilaview
c2e8bd03-fc15-4006-bb42-effdcf169b58,8bd457d3-722a-4887-a559-2e91de1434bf,East Dianamouth
7c9e72c0-eabe-4650-97ba-70bf62e47936,ce1ffbaf-81da-468a-97ea-4f0732fcf677,Melendezstad
b8664657-2571-4c64-bf36-0f6e7bf7f800,413a2b7d-fc0b-4e7e-8765-2ef6eebaba79,New Jackview
c2e8bd03-fc15-4006-bb42-effdcf169b58,8b2f62bb-55d1-4bc7-97cb-7b27e4452beb,Lake Veronica
32b2f0f4-2961-4c84-a93a-df1c649c3dae,c66abe5b-6e85-4bba-ac4b-f4c4474421d4,Martinezfort
5e34712f-0c44-4f33-b792-b4fda29db0ce,3b9575af-2318-4774-83b9-b7beb560c488,Lake Caitlynshire
886e1d60-1a3e-48dc-ae48-221164c6987c,100d705b-f760-40bc-9240-177a9a09192e,West Julieshire
5cbc74a0-b217-4d45-95cd-f6765807b5c3,e4c3e976-8564-4ff9-8c15-637f7cc73857,Lake Jacob
1f2d17bb-17fb-400a-87ae-7b5daae02ec1,ff059212-b8dd-4f47-8ff0-22bb98b1ab57,Lake Ronald
3ec291f3-cbe8-48d7-8629-91e6ac4b6096,13a3d973-b901-4ca7-8035-56eba570014a,Phillipsside
782fd9de-0a91-4a5f-9c83-8ae3f2d2e280,9b6669f4-cb09-4467-9deb-13998e83f8d6,Port Roger
9c5b0b22-697c-488c-bf87-19d051b45dd2,906c915c-eee9-469a-83a9-856ee99781ce,North Danielview
6027c93a-9058-425c-a8ad-833f42860c2f,2ec1ff08-4e4d-489e-a3bb-9cbe7560b05d,Haleland
32b2f0f4-2961-4c84-a93a-df1c649c3dae,d881daba-0ebb-4995-a08d-0e5e27175111,North Deborahfurt
7d06a13d-8f52-482c-acb8-795a9e9d1e68,9aed394c-eca0-406f-b26d-0d3ba7b57171,East Trevorfort
c2e8bd03-fc15-4006-bb42-effdcf169b58,3ba9b7da-2df3-44f8-86f1-af742cdc5e30,Jessicashire
004fca6e-67d7-495e-a2e7-3e164bd13fcd,07c11b44-9f9f-4315-9ea3-818014a89969,South Jesse
3d7cf296-8c5f-451b-b496-b6b85ba4e137,166ab425-9387-496f-8693-1bb3e2b3ef60,Kevinland
7fa04fd4-b98f-427d-823d-dce067779f41,6d711cfd-827c-4ea7-bec7-39692823b3e6,New Marilynberg
0aacc96a-4d65-4a34-bc45-18325565b0cb,ee73d2db-036b-4670-b8df-b4c734b92ea8,West Stephanie
126f7842-d309-4f9c-bc10-9fb9ed9c1e00,6110be93-8561-46ea-a97d-cb2ae2e1cf88,Lake David
7a6becb2-b152-4d48-ad1d-aaf429c5aeae,47a4f500-09b2-456d-9188-6c512dde8b6b,West Joseph
be6bf730-740d-4681-8d20-7e13b7e46843,cd61db64-3341-4cbd-a41e-bddb1bf77a3a,Port Mark
fc926dee-d457-4f0f-bb1e-225074cbb6db,2d34a004-2642-44a9-a61a-8cc654e8864a,Johnfurt
5c09910e-6e9e-4d83-ba90-b43b7c274c00,2606163c-82d1-43da-8aa9-82c544e52e52,Dustinside
3d7cf296-8c5f-451b-b496-b6b85ba4e137,e2023305-ac93-43a6-afc3-c0136fb39091,Matthewville
cd53a9fb-7252-4f7b-bcae-1964181f55ba,fdb2300d-5f3e-44de-b85d-a3e4f9b4d8ea,Lawrenceland
036d6e5c-4511-4f8c-9631-d9493a8e2d23,3f7070cb-74de-4a97-8d3a-26ef5fa2b149,Mclaughlinville
126f7842-d309-4f9c-bc10-9fb9ed9c1e00,3cd56aff-a642-4a50-a0c5-be7b000553fc,Davilamouth
384aa05b-1e3f-4e4b-8fc3-b398daad3a72,01956cde-bee9-42fb-bc56-bca11b6432c4,Allenfurt
7fa04fd4-b98f-427d-823d-dce067779f41,02e5e01c-c6c8-4fb7-9699-063a0f337919,Lake Donna
126f7842-d309-4f9c-bc10-9fb9ed9c1e00,104c6f91-b90f-4359-8a5a-8c99e1454d67,Amandaside
862e4cd4-cf5e-4ec3-b418-1786e2bcce73,266f92ed-3408-4766-a660-bc902ffc14b1,Lake Christopher
057fa60b-daa2-409c-8542-016a2f6ae33b,fb9342dd-77bb-45ff-84e3-1d3a653fb5ef,Lake Frankview
2614a64c-7bf2-4722-b63b-01aec85a45aa,abef8890-a135-4e20-8b25-ef48299ca672,Parkerstad
7a6becb2-b152-4d48-ad1d-aaf429c5aeae,68d5743c-4608-4850-879a-f4e87cbab943,Kelliebury
cd53a9fb-7252-4f7b-bcae-1964181f55ba,8ab58bb6-4c8d-41d2-9445-9be391fee6d0,Sheritown
bdccc1a3-5dd5-41c2-b814-3017383fbb53,6e36c28f-50bc-4d49-806c-3d6a0d14c122,Lake Kimberlyfort
3ec291f3-cbe8-48d7-8629-91e6ac4b6096,6adf6bb7-a397-4035-aadc-bd3cec565204,East Brenda
9c5b0b22-697c-488c-bf87-19d051b45dd2,8ea3194b-3511-4820-8b06-7f0199a76d57,West Brandon
fc30cd81-c22a-4b86-83f1-4c82dca2f4e2,7fb14ef8-85e7-4328-b28c-bec9cc0744cf,South Steve
5bf93707-2c84-4694-af4d-154a4e0dab7c,094668dd-3548-4b5a-8d4b-a31905dd835c,Port Ambertown
50483768-fd16-49f1-8c3f-4c2a1ffea9e3,71f58a1d-c7b2-4454-beac-28aeacd70186,New Michellechester
de79edc6-bacc-40b9-a8cf-66383fc772b5,dd51a7d2-67f1-40f7-a318-13b1a1450de6,Dianahaven
886e1d60-1a3e-48dc-ae48-221164c6987c,b14fe80a-5687-49e0-94bf-8a9d5176a492,Chadbury
0635767d-f0a9-4130-9dce-eb5513f5e992,0191dce3-2675-42be-9d9b-c3655f34bd2e,Lake Brianstad
50483768-fd16-49f1-8c3f-4c2a1ffea9e3,02c48663-29aa-418e-a395-cc68a40917cb,Port Royport
7d06a13d-8f52-482c-acb8-795a9e9d1e68,3dd6a740-aca7-4453-b8f7-67815bf74b08,Lindamouth
53cee6fa-55d5-4f23-a63f-97af1cb4a1e5,77a33f54-c5ad-4041-85c1-7ecb7bc852eb,Port James
7fa04fd4-b98f-427d-823d-dce067779f41,3aaef5b9-08fe-4d24-9c73-279a8f4aacf0,South Gabrielle
0943269f-5088-41ac-9c3e-c104ce3bd83a,173be825-968d-45a1-bd24-6f69defb4425,Reevesfurt
3d7cf296-8c5f-451b-b496-b6b85ba4e137,e4057d52-ab84-453f-affb-bfaecd7bf05a,South Nancymouth
4147d0c9-61bd-4725-8c15-47b89352ac97,b3686b65-1c66-45ed-8de6-70ee99f58f4f,New Jennifer
004fca6e-67d7-495e-a2e7-3e164bd13fcd,6ab2204a-afca-4581-9a28-8b0b8e0a1206,Gomezview
f2a0ce67-ac86-4319-916d-5594b156b549,58323bf7-816b-47ea-aa00-d6c55d7dd10a,Robinsonland
fc30cd81-c22a-4b86-83f1-4c82dca2f4e2,f07bcaa9-d584-4c4b-b5ca-c356c7cccbf3,Torresfort
be6bf730-740d-4681-8d20-7e13b7e46843,ad160db0-d24b-459e-849f-442feefe5016,Duarteshire
9c5b0b22-697c-488c-bf87-19d051b45dd2,ebd2e239-d516-4ccb-bbea-284f5342dc4b,Coryton
3ec291f3-cbe8-48d7-8629-91e6ac4b6096,e3f5b522-1224-460e-b7dc-ffab4bf85d5c,New Hayleyhaven
862e4cd4-cf5e-4ec3-b418-1786e2bcce73,26383937-fa76-482e-b904-f782b4c69141,Port Kimberly
bdccc1a3-5dd5-41c2-b814-3017383fbb53,1c38ff63-5a97-401a-918e-a2ee17c72222,Jamieside
7fa04fd4-b98f-427d-823d-dce067779f41,8125f3e1-8ae4-435b-9fca-4130660efdcb,South Roy
554702e4-dbe7-40a2-9e3f-d44859f1179b,8224efcc-2d48-4239-b20a-fd68d9d46d95,Port Thomasmouth
58259a19-e097-4cb3-b16b-d9b03bb706d6,ea3a7e93-ffdd-46ad-aaab-727a2abc86a7,North Elizabethview
32b2f0f4-2961-4c84-a93a-df1c649c3dae,32536426-92d2-438f-9eb8-c125aeb7c43c,South Susan
50483768-fd16-49f1-8c3f-4c2a1ffea9e3,4f6a5f89-5465-41cc-b24e-b37a442eb272,Kellyside
886e1d60-1a3e-48dc-ae48-221164c6987c,a284fcfd-21d1-471c-be66-9cdd3d241101,North William
5e34712f-0c44-4f33-b792-b4fda29db0ce,eef32dec-020d-4f69-8e49-4f94a9230b15,Port Yvette
b8664657-2571-4c64-bf36-0f6e7bf7f800,7a6fd0bc-2680-4424-8453-000453e44ea9,New Patriciahaven
0635767d-f0a9-4130-9dce-eb5513f5e992,af6383d2-a529-419a-9fdb-4cac47218668,Lake Chad
0943269f-5088-41ac-9c3e-c104ce3bd83a,9bcbb8ca-63ee-4653-88a2-f0490e43fae9,Hillside
be6bf730-740d-4681-8d20-7e13b7e46843,b6fe4e8b-4e0e-4b8c-a65a-39eebb6eecfb,East Angela
0aacc96a-4d65-4a34-bc45-18325565b0cb,13217259-f6b7-4fcc-a252-707541c6c42a,Blakeville
ee25f722-1097-445b-bb56-789e960c1c5c,bc869704-cb30-4503-89d0-c5ba0f849eb9,Arthurfort
f2a0ce67-ac86-4319-916d-5594b156b549,e5468c60-843d-447f-8dc3-4ae25fc21b6d,Monicaside
4b9b345c-16b1-4338-ac83-56fe5b30ebe4,43c0866e-7d6a-4dce-93d8-e74955fffd4d,Kelseyland
c2e8bd03-fc15-4006-bb42-effdcf169b58,7ac6e73c-9e21-46e8-828c-3dda3d5f587e,Delacruzville
be6bf730-740d-4681-8d20-7e13b7e46843,b271aa36-0ce1-4743-9a44-a8f375c3067b,Port Brandi
3d7cf296-8c5f-451b-b496-b6b85ba4e137,a22db505-c0f9-4369-8cc0-652685b22556,Alexandraville
f2a0ce67-ac86-4319-916d-5594b156b549,aee93a2d-f0fd-4ee4-9d92-f36562f9d154,Lunaton
e64595fa-3125-4f6d-a3f2-a78650f9ce07,4b4089e6-4049-40b3-b1ae-0539a75bd4cf,Cherylfurt
126f7842-d309-4f9c-bc10-9fb9ed9c1e00,0e0627be-5228-4465-8d11-5efb4b7d8eb9,North Jorgebury
cd53a9fb-7252-4f7b-bcae-1964181f55ba,ca3bc2da-4360-4ed7-9e6a-911d8a12ac4f,New Sierra
b8664657-2571-4c64-bf36-0f6e7bf7f800,57474a4c-ca9c-4b35-a64c-46a0f4a27a78,South Robert
c2e8bd03-fc15-4006-bb42-effdcf169b58,6408dee6-60e0-4e2d-ba88-4521c6a3d7bb,South Sherryburgh
384aa05b-1e3f-4e4b-8fc3-b398daad3a72,4d8e8970-cb13-48a4-b0c7-4015ec80442c,Wilsonton
f2a0ce67-ac86-4319-916d-5594b156b549,52826001-7587-41b5-a349-fde2cb86e4b7,Denisestad
1f2d17bb-17fb-400a-87ae-7b5daae02ec1,ce9a0110-3e77-41b5-b57d-513905ab448c,Port Kimberly
fc926dee-d457-4f0f-bb1e-225074cbb6db,6a6cfac2-95de-47e0-8e0d-9e02d5c230c1,South Robert
886e1d60-1a3e-48dc-ae48-221164c6987c,e08fd7d3-cf81-4ed1-a210-88858ea2e6cd,East Gregory
7fa04fd4-b98f-427d-823d-dce067779f41,109c929e-6084-41bd-9f00-ebc76a3369c1,East Keithland
7fa04fd4-b98f-427d-823d-dce067779f41,73b7e63a-d5b3-4651-be83-f2e7481bffe2,Yangland
b8664657-2571-4c64-bf36-0f6e7bf7f800,627196e7-fd49-4f03-82d9-b0b022f882ba,Tinabury
0635767d-f0a9-4130-9dce-eb5513f5e992,bf8f204b-8dd4-4b64-bd63-743913b6e1ac,Lake Miguel
be6bf730-740d-4681-8d20-7e13b7e46843,975c5141-a954-4129-b986-f8494d685aaf,Durantown
0635767d-f0a9-4130-9dce-eb5513f5e992,759c0954-5a9c-4342-be44-d8bd729ce11a,West Herbertberg
126f7842-d309-4f9c-bc10-9fb9ed9c1e00,f9980e91-58da-4bff-aa64-919b0f7e5934,Arnoldmouth
3d7cf296-8c5f-451b-b496-b6b85ba4e137,40775269-13c9-42cd-b9b2-eb00e0cf301f,Tiffanystad
bdccc1a3-5dd5-41c2-b814-3017383fbb53,64b2ad83-7c3d-450f-813f-d397d872cce7,Smithfurt
0943269f-5088-41ac-9c3e-c104ce3bd83a,0dbd87fb-cc2a-475d-a184-60130d218a08,Alejandroport
10479cb8-3e5b-4968-a0d1-128d5413caaa,2da5c190-00ef-46dc-867e-70274651e74d,Port Lisa
de79edc6-bacc-40b9-a8cf-66383fc772b5,afdf048d-fac2-4ce7-b2d8-73c0e1eecb20,New Stephenstad
0aacc96a-4d65-4a34-bc45-18325565b0cb,375739ee-5f9c-4d67-9b35-7323780fb8c3,West Mark
5cbc74a0-b217-4d45-95cd-f6765807b5c3,3c44e667-1bb5-4cf0-be05-0ea3c3070a4c,West William
be6bf730-740d-4681-8d20-7e13b7e46843,1bf73431-6867-4b1c-a488-9b1e9faa9993,Batesside
f2a0ce67-ac86-4319-916d-5594b156b549,711c46dd-7ad3-4546-8d58-f67adb1ce9ae,Michaelstad
554702e4-dbe7-40a2-9e3f-d44859f1179b,d81cae0f-8dfb-4a36-b18f-334c2387676e,South Sarah
862e4cd4-cf5e-4ec3-b418-1786e2bcce73,c90b6b8e-ddc1-4997-8141-445bd5aadfc6,Cooperfurt
32b2f0f4-2961-4c84-a93a-df1c649c3dae,52d7a3d6-6eca-47f0-9a82-1021796cca54,New Jonathan
bdccc1a3-5dd5-41c2-b814-3017383fbb53,379dc012-09a4-4006-bf7d-3c81164e7e25,New Jaredborough
0aacc96a-4d65-4a34-bc45-18325565b0cb,89019e81-6e0b-4e15-9e76-080d293e6e13,Wilsonside
cd53a9fb-7252-4f7b-bcae-1964181f55ba,e5df8cce-05f6-4905-b0da-0e147540f962,Rebeccaport
e64595fa-3125-4f6d-a3f2-a78650f9ce07,940ffbf8-8038-4d2c-84a2-80b26e87adc5,West Donaldchester
cd53a9fb-7252-4f7b-bcae-1964181f55ba,c632d436-3c21-4ed1-9ea6-04129c534732,Lake Emily
7a6becb2-b152-4d48-ad1d-aaf429c5aeae,dee24e05-f33f-470f-bc2c-fe786f5d52d8,South Ashley
7c9e72c0-eabe-4650-97ba-70bf62e47936,7c7bab97-5cc6-4340-abd4-842327ad9399,Tammyfort
036d6e5c-4511-4f8c-9631-d9493a8e2d23,fd1b57d1-131b-4173-9080-6a61d3011f76,New Tamiside
554702e4-dbe7-40a2-9e3f-d44859f1179b,9fdd83ec-9fa1-4dcb-8247-3dc69801aa64,West Karen
e64595fa-3125-4f6d-a3f2-a78650f9ce07,7c0ef812-8bbd-4ed7-a2b2-af74a7245668,Port Lori
7d06a13d-8f52-482c-acb8-795a9e9d1e68,83d51aaa-081b-4c71-8bca-96dad7f81c69,Lake Lancestad
7a6becb2-b152-4d48-ad1d-aaf429c5aeae,34c0d13f-ab14-4e51-a897-af900d8fa792,North Angela
5bf93707-2c84-4694-af4d-154a4e0dab7c,4597a3f9-fb77-46e4-9cb0-1b00dcb0b4f4,South Michealshire
9c5b0b22-697c-488c-bf87-19d051b45dd2,74d4428e-9466-438b-ac16-7c0e9f4af261,Jenniferhaven
32b2f0f4-2961-4c84-a93a-df1c649c3dae,914e5fe1-8637-4fb2-9b10-cc2ea991f715,North Brittneymouth
5cbc74a0-b217-4d45-95cd-f6765807b5c3,089e8b05-7446-48e3-80ab-d5eec4c81c91,Jasonbury
036d6e5c-4511-4f8c-9631-d9493a8e2d23,34aa0610-67f0-4efa-a978-45c0f35fc91f,Lake Alexander
2614a64c-7bf2-4722-b63b-01aec85a45aa,b0f93ccf-5c51-46a3-b4dc-ae00b0f96b74,Tylerside
cd53a9fb-7252-4f7b-bcae-1964181f55ba,28fbe77e-652b-4b5d-8d2e-3422b7de50cd,Port Noah
4147d0c9-61bd-4725-8c15-47b89352ac97,f903e23b-1d74-47ba-8138-22c63765c9e8,New Matthew
f2a0ce67-ac86-4319-916d-5594b156b549,96c303b0-15ec-4f77-a196-9f8eee788f50,West Jenniferside
7b184197-40fc-44f3-8260-40b42054d141,9e3ef1bb-8821-4fcd-9d06-809485f496c1,Rodriguezburgh
d05be08f-358f-4e3e-b45d-bbe5882e88fb,31eb79b3-39e5-46d6-b281-47a8ac1cfeb5,Barkerland
7a6becb2-b152-4d48-ad1d-aaf429c5aeae,85cb7341-7b80-4e8f-8819-bb8d2bb69cdd,Port Jon
7590075a-843e-4a15-b49b-b6f418481045,bc7bfec4-497c-444e-8730-b6d7819370ae,Keithland
384aa05b-1e3f-4e4b-8fc3-b398daad3a72,6058181e-52df-4220-a718-8658a2fd0045,Adamston
fc926dee-d457-4f0f-bb1e-225074cbb6db,077aa2e9-9860-4a65-a925-f436e05901d7,Lake Shannon
3d7cf296-8c5f-451b-b496-b6b85ba4e137,07d087ed-00bb-46b1-a029-336688bd6530,Millerfort
004fca6e-67d7-495e-a2e7-3e164bd13fcd,71ada65a-b27b-4855-a273-48a9d5ec71df,East Alexa
32b2f0f4-2961-4c84-a93a-df1c649c3dae,d18e5917-616e-43e6-a6c8-eed191052b2f,Baileymouth
0943269f-5088-41ac-9c3e-c104ce3bd83a,3398d65d-0e4b-46ab-85fc-e7fa1b56b46c,Patelstad
50483768-fd16-49f1-8c3f-4c2a1ffea9e3,8a2ffdca-1b98-48c9-b6cb-95ca3d24c685,Port Kenneth
4147d0c9-61bd-4725-8c15-47b89352ac97,f8cb5aa7-696f-4435-9e6f-1b387beb4888,Adamsmouth
0aacc96a-4d65-4a34-bc45-18325565b0cb,995a4614-43f3-420f-9160-aea38bd01be6,Joshuahaven
554702e4-dbe7-40a2-9e3f-d44859f1179b,6e1c4d1c-eda0-48f9-8976-05b2cea87f6c,Jamesshire
63289781-7e6b-4cae-8a35-1c13b450cb27,98f1f87c-8a9b-4d03-87d9-eb06273b3968,New Ryan
554702e4-dbe7-40a2-9e3f-d44859f1179b,639cbfc6-043e-41f0-9871-77efa55cd652,East Kevin
4147d0c9-61bd-4725-8c15-47b89352ac97,8db06dd5-2f0d-4165-a983-c3e23cc1e535,Brianbury
e64595fa-3125-4f6d-a3f2-a78650f9ce07,44726e3d-ad57-47d4-8f3b-ca077850222c,Johnmouth
3ec291f3-cbe8-48d7-8629-91e6ac4b6096,8847b3bb-2988-4c38-ac19-fab17377cf97,Lake Kimberlyville
057fa60b-daa2-409c-8542-016a2f6ae33b,43bbee88-cd55-4306-9de2-979b290b0efa,Reedfort
0635767d-f0a9-4130-9dce-eb5513f5e992,b9f7f3cc-3d73-4092-b938-fade7967897d,Johnton
036d6e5c-4511-4f8c-9631-d9493a8e2d23,35177f0b-5a79-45ce-baf1-42ec73e50068,Christopherburgh
036d6e5c-4511-4f8c-9631-d9493a8e2d23,9f846471-ff20-4163-ad77-b2d3c76762f1,Port Courtney
63289781-7e6b-4cae-8a35-1c13b450cb27,79eb1b72-ba52-4c69-9da4-f299c79f26ac,Laurenburgh
